p_id,price,delivery,category,extra_explain,event,review,total,date,cart,rank
0,7900,,1,19,0,108290.0,,2021-10-01,156,1
1,16900,3000,1,28,0,99175.0,22054.0,2018-08-01,7128,2
2,10900,3000,1,42,0,157180.0,33307.0,2018-06-01,5432,3
3,7900,,1,11,0,82336.0,,2021-11-01,84,4
4,7800,3500,1,32,0,5146.0,2773.0,2019-08-01,724,5
5,12900,,1,35,0,10950.0,19653.0,2021-04-01,6099,6
6,25900,3000,1,34,0,39803.0,5358.0,2016-04-01,2048,7
7,7900,3500,1,42,0,37742.0,18060.0,2019-10-01,5178,8
8,15800,3500,1,42,1,1737.0,,2022-04-01,3446,9
9,30900,3000,1,11,0,19115.0,11683.0,2021-01-01,4138,10
10,16900,3000,1,34,0,6162.0,4079.0,2020-03-01,1954,11
11,11800,3000,1,42,1,353.0,985.0,2022-08-01,310,12
12,36000,3000,1,0,0,16565.0,5797.0,2022-06-01,2258,13
13,8800,3500,1,26,0,4045.0,2149.0,2021-04-01,402,14
14,15900,3000,1,43,1,37430.0,9939.0,2018-08-01,1904,15
15,16900,4000,1,28,1,1358.0,,2021-03-01,1043,16
16,19700,3000,1,20,0,2089.0,1922.0,2021-09-01,299,17
17,9900,3500,1,0,0,114.0,,2022-09-01,25,18
18,7900,3500,1,42,1,22381.0,5136.0,2019-07-01,1214,19
19,11900,,1,0,0,575.0,,2021-02-01,123,20
20,34900,3500,1,19,0,1099.0,1101.0,2021-08-01,902,21
21,29400,3000,1,0,0,1782.0,4150.0,2022-03-01,1051,22
22,8900,3500,1,0,1,2350.0,443.0,2020-06-01,179,23
23,19900,,1,0,0,875.0,,2022-11-01,1,24
24,8680,,1,0,0,402.0,,2022-11-01,16,25
25,29700,3000,1,0,0,416.0,1567.0,2022-10-01,321,26
26,65800,3000,1,35,0,393.0,438.0,2021-05-01,398,27
27,8900,,1,0,0,40.0,,2022-07-01,5,28
28,35900,3000,1,34,0,418.0,361.0,2020-12-01,232,29
29,16900,3000,1,20,0,3768.0,630.0,2019-07-01,171,30
30,7980,3000,1,34,0,3151.0,2945.0,2021-01-01,790,31
31,63000,3500,1,0,0,2335.0,769.0,2022-05-01,696,32
32,13900,3000,1,34,0,8796.0,807.0,2018-01-01,242,33
33,25900,,1,34,0,2681.0,863.0,2019-10-01,381,34
34,22000,4000,1,20,0,569.0,259.0,2019-10-01,63,35
35,8500,3000,1,42,0,11505.0,1918.0,2019-11-01,408,36
36,12900,3500,1,28,0,492.0,950.0,2022-08-01,134,37
37,7900,3000,1,14,0,6924.0,695.0,2022-08-01,230,38
38,9900,3000,1,20,0,1163.0,360.0,2016-05-01,97,39
39,4900,3500,1,0,0,905.0,392.0,2019-06-01,122,40
40,12900,3000,1,34,0,1084.0,1111.0,2021-08-01,354,41
41,20800,,1,0,0,44.0,,2022-05-01,18,42
42,16900,,1,0,0,29.0,,2022-08-01,29,43
43,8500,4000,1,33,0,26.0,71.0,2022-06-01,21,44
44,7900,4000,1,0,0,,,2022-12-01,61,45
45,11800,3000,1,14,0,8514.0,1450.0,2019-03-01,505,46
46,27900,3000,1,34,0,8451.0,754.0,2019-06-01,570,47
47,14500,,1,0,0,52.0,,2022-03-01,2,48
48,1990,3000,1,11,1,547.0,293.0,2020-06-01,39,49
49,36900,,1,0,0,1.0,,2022-11-01,7,50
50,13300,3000,1,24,0,4439.0,5633.0,2022-08-01,1285,51
51,8900,3000,1,43,1,6409.0,420.0,2017-03-01,197,52
52,17400,,1,0,0,378.0,,2020-05-01,22,53
53,6160,,1,0,0,3151.0,,2022-12-01,0,54
54,29890,,1,0,0,202.0,,2021-06-01,9,55
55,7900,,1,11,0,1432.0,,2021-06-01,8,56
56,8900,3000,1,34,0,716.0,280.0,2021-08-01,100,57
57,19500,4400,1,28,0,145.0,,2022-06-01,263,58
58,20800,3500,1,28,0,45.0,176.0,2022-05-01,48,59
59,44900,3000,1,42,1,697.0,649.0,2021-01-01,261,60
60,16900,3000,1,20,0,905.0,75.0,2020-09-01,66,61
61,18000,,1,0,0,355.0,,2021-12-01,14,62
62,5400,3000,1,43,0,1679.0,1844.0,2021-07-01,268,63
63,11890,,1,0,0,399.0,,2022-04-01,2,64
64,25900,3000,1,34,0,92.0,168.0,2021-06-01,171,65
65,75900,,1,0,0,30.0,,2022-04-01,9,66
66,9900,,1,0,0,363.0,,2021-11-01,7,67
67,9900,,1,0,0,410.0,,2022-05-01,6,68
68,11900,3000,1,24,0,410.0,,2022-04-01,166,69
69,39520,,1,0,0,3.0,,2022-04-01,2,70
70,24500,3500,1,20,0,598.0,29.0,2020-09-01,31,71
71,8900,3000,1,14,1,841.0,666.0,2021-05-01,296,72
72,9180,,1,0,0,122.0,,2021-06-01,0,73
73,9490,,1,0,0,16.0,,2022-03-01,3,74
74,9900,,1,0,0,23.0,,2022-08-01,1,75
75,4900,,1,0,0,15.0,,2022-11-01,0,76
76,5300,,1,0,0,1.0,,2022-10-01,0,77
77,13700,3000,1,34,0,45.0,31.0,2020-08-01,10,78
78,24000,4000,1,0,0,1003.0,98.0,2021-06-01,100,79
79,13000,3000,1,34,0,160.0,28.0,2020-09-01,9,80
80,29900,3000,1,20,0,228.0,,2021-01-01,42,81
81,6780,,1,0,0,20.0,,2022-11-01,0,82
82,7900,4000,1,0,0,182.0,94.0,2020-11-01,78,83
83,7200,4200,1,0,0,125.0,139.0,2020-05-01,128,84
84,11890,,1,0,0,,,2022-12-01,0,85
85,16900,3000,1,19,0,133.0,,2021-04-01,13,86
86,21900,,1,0,0,7.0,,2022-08-01,3,87
87,4210,,1,0,0,15.0,,2022-12-01,0,88
88,11230,,1,0,0,122.0,,2022-11-01,0,89
89,19500,4400,1,28,0,43.0,,2022-06-01,93,90
90,44900,3500,1,20,0,649.0,53.0,2022-01-01,20,91
91,58500,,1,0,0,135.0,,2021-04-01,2,92
92,30700,,1,0,0,56.0,,2019-04-01,0,93
93,10300,,1,0,0,47.0,,2022-04-01,0,94
94,20890,,1,11,0,286.0,,2021-03-01,12,95
95,16900,,1,20,0,250.0,,2021-10-01,96,96
96,8900,,1,0,0,15.0,,2022-07-01,13,97
97,14400,,1,0,0,23.0,,2022-11-01,7,98
98,46700,,1,0,0,7.0,,2022-10-01,5,99
99,30030,,1,0,0,24.0,,2022-12-01,0,100
100,16890,,1,0,0,31.0,,2022-11-01,0,101
101,8850,,1,0,0,61.0,,2020-07-01,0,102
102,14500,,1,0,0,228.0,,2021-11-01,3,103
103,12900,3000,1,14,1,181.0,233.0,2021-07-01,79,104
104,8990,,1,0,0,46.0,,2022-01-01,3,105
105,16490,,1,0,0,39.0,,2022-11-01,0,106
106,6500,,1,0,0,23.0,,2017-01-01,3,107
107,35000,3000,1,0,0,51.0,107.0,2020-12-01,127,108
108,7590,2500,1,0,0,1573.0,126.0,2022-10-01,41,109
109,16900,,1,42,0,10.0,233.0,2022-12-01,49,110
110,18900,,1,0,0,491.0,,2022-04-01,1,111
111,25900,4000,1,0,0,84.0,113.0,2022-02-01,115,112
112,8800,3500,1,0,0,1554.0,473.0,2020-03-01,246,113
113,11900,3000,1,20,0,1465.0,43.0,2022-12-01,30,114
114,24000,4000,1,28,0,27.0,48.0,2022-06-01,62,115
115,24030,,1,0,0,2.0,,2022-11-01,0,116
116,7900,3000,1,34,0,32.0,32.0,2021-06-01,13,117
117,14900,3000,1,20,0,143.0,49.0,2015-08-01,28,118
118,7900,3000,1,24,0,509.0,395.0,2020-06-01,630,119
119,10900,3000,1,0,1,881.0,,2021-01-01,27,120
120,29800,3500,1,0,0,129.0,,2022-11-01,365,121
121,31000,,1,0,0,5.0,,2022-11-01,3,122
122,35900,,1,0,0,154.0,,2020-05-01,0,123
123,17800,3000,1,42,1,11.0,45.0,2022-08-01,21,124
124,9900,3500,1,20,1,85.0,188.0,2021-12-01,64,125
125,22000,4000,1,0,0,56.0,27.0,2019-09-01,6,126
126,23800,,1,0,0,122.0,,2022-06-01,1,127
127,20900,,1,34,1,10.0,,2022-10-01,28,128
128,73900,,1,29,0,6.0,16.0,2022-04-01,20,129
129,155000,,1,21,0,144.0,35.0,2021-07-01,22,130
130,29900,3500,1,0,0,1487.0,281.0,2021-03-01,137,131
131,15900,3000,1,42,1,8.0,30.0,2022-08-01,24,132
132,24460,,1,0,0,2.0,,2022-11-01,1,133
133,19800,,1,0,0,84.0,,2022-04-01,1,134
134,12900,3000,1,11,0,230.0,,2021-10-01,303,135
135,5900,4000,1,9,0,2266.0,791.0,2021-02-01,102,136
136,7740,,1,0,0,4.0,,2022-12-01,0,137
137,26810,,1,0,0,,,2022-04-01,0,138
138,33900,4000,1,29,0,6.0,15.0,2022-12-01,5,139
139,9200,,1,0,0,1.0,,2022-12-01,0,140
140,12890,,1,0,0,1.0,,2022-12-01,0,141
141,5500,,1,0,0,2.0,,2022-11-01,0,142
142,9200,,1,0,0,68.0,,2022-04-01,1,143
143,82200,,1,0,0,1.0,,2022-10-01,1,144
144,24480,,1,0,0,,,2022-12-01,0,145
145,14620,,1,0,0,48.0,,2021-03-01,1,146
146,16830,,1,0,0,24.0,,2022-12-01,0,147
147,31100,,1,0,0,,,2022-12-01,0,148
148,3900,3000,1,11,0,1067.0,267.0,2016-12-01,43,149
149,3900,,1,0,0,1.0,,2022-07-01,0,150
150,7590,3000,1,0,0,338.0,210.0,2022-10-01,67,151
151,18000,4000,1,20,0,289.0,43.0,2019-05-01,23,152
152,7500,4200,1,20,0,24.0,29.0,2020-05-01,25,153
153,8300,,1,0,0,3.0,,2022-04-01,2,154
154,14350,,1,0,0,1.0,,2021-11-01,3,155
155,6800,3000,1,20,0,19.0,23.0,2020-07-01,10,156
156,34000,2500,1,0,0,13.0,,2022-08-01,10,157
157,18950,3500,1,0,1,390.0,,2020-08-01,3,158
158,22020,,1,0,0,14.0,,2022-12-01,0,159
159,8900,3000,1,20,0,369.0,124.0,2020-08-01,54,160
160,8900,3000,1,0,0,193.0,920.0,2022-07-01,228,161
161,8000,5000,1,29,0,206.0,236.0,2021-04-01,38,162
162,8500,3000,1,20,0,72.0,25.0,2019-10-01,25,163
163,20300,3500,1,0,1,81.0,10.0,2020-06-01,10,164
164,21700,,1,0,0,16.0,,2022-11-01,1,165
165,14900,4000,1,28,0,6.0,53.0,2022-12-01,3,166
166,6800,,1,0,0,,,2022-11-01,0,167
167,13740,,1,0,0,1.0,,2022-11-01,0,168
168,27740,,1,0,0,,,2022-11-01,0,169
169,13900,3000,1,24,0,1.0,,2022-12-01,5,170
170,11090,,1,0,0,30.0,,2022-04-01,0,171
171,9900,4000,1,20,0,32.0,,2021-12-01,23,172
172,30700,,1,0,0,31.0,,2022-12-01,0,173
173,13570,,1,0,0,4.0,,2022-05-01,1,174
174,7900,3500,1,0,0,9078.0,,2020-06-01,12,175
175,32900,3000,1,20,0,921.0,20.0,2022-08-01,91,176
176,9900,3000,1,28,0,78.0,,2022-05-01,16,177
177,58290,,1,0,0,3.0,,2022-12-01,0,178
178,3900,3500,1,34,0,2459.0,520.0,2021-04-01,121,179
179,16900,,1,20,0,165.0,,2021-10-01,57,180
180,9450,3500,1,27,0,52.0,,2020-10-01,21,181
181,11990,,1,0,0,1.0,,2022-12-01,0,182
182,11900,4000,1,0,1,2799.0,,2022-02-01,21,183
183,10690,,1,0,0,1.0,,2022-03-01,6,184
184,28000,,1,0,0,16.0,,2021-06-01,0,185
185,19900,3000,1,20,0,17.0,9.0,2021-10-01,7,186
186,12000,,1,0,0,,,2021-10-01,2,187
187,5990,,1,0,0,4.0,,2022-07-01,1,188
188,13000,4000,1,21,0,82.0,10.0,2019-07-01,6,189
189,9900,,1,0,0,17.0,,2022-07-01,2,190
190,13000,3000,1,14,0,17.0,2.0,2020-09-01,0,191
191,12520,,1,0,0,6.0,,2022-11-01,0,192
192,12990,,1,0,0,11.0,,2021-03-01,0,193
193,8720,,1,0,0,24.0,,2021-05-01,1,194
194,24310,,1,0,0,25.0,,2022-12-01,0,195
195,29370,,1,0,0,,,2021-11-01,1,196
196,139590,,1,0,0,,,2022-01-01,1,197
197,12900,,1,0,0,2.0,,2022-02-01,1,198
198,10890,,1,0,0,,,2022-03-01,3,199
199,10890,,1,0,0,,,2019-02-01,0,200
200,275000,,1,0,0,32.0,23.0,2021-07-01,49,201
201,8900,3000,1,20,0,19.0,,2022-03-01,15,202
202,78060,,1,0,0,,,2022-12-01,0,203
203,10500,,1,0,0,,,2021-07-01,0,204
204,20700,,1,0,0,2.0,,2022-11-01,0,205
205,32900,3000,1,0,0,30.0,92.0,2022-04-01,69,206
206,54450,7000,1,0,0,102.0,170.0,2021-09-01,31,207
207,10990,,1,0,0,2.0,,2022-11-01,0,208
208,45000,,1,0,0,6.0,,2022-04-01,0,209
209,6000,,1,0,0,2.0,,2022-11-01,0,210
210,6800,,1,0,0,2.0,,2022-11-01,0,211
211,16900,,1,0,0,,,2022-01-01,1,212
212,25540,,1,0,0,,,2022-12-01,0,213
213,7500,2500,1,0,0,13.0,1.0,2019-01-01,2,214
214,7800,3500,1,28,0,3.0,6.0,2022-11-01,3,215
215,9800,,1,0,0,,,2022-11-01,0,216
216,12800,3000,1,42,1,3.0,6.0,2022-07-01,4,217
217,13120,,1,0,0,,,2022-12-01,0,218
218,6500,,1,0,0,20.0,,2022-05-01,0,219
219,45400,,1,0,0,,,2022-01-01,2,220
220,12900,,1,0,0,,,2022-12-01,0,221
221,3740,,1,0,0,,,2022-12-01,0,222
222,4500,3500,1,20,0,52.0,43.0,2020-05-01,29,223
223,17490,,1,0,0,,,2022-12-01,0,224
224,48840,,1,0,0,,,2022-02-01,0,225
225,24760,,1,0,0,,,2022-02-01,0,226
226,23470,,1,0,0,,,2022-01-01,0,227
227,11890,,1,0,0,,,2022-04-01,0,228
228,17900,,1,0,0,,,2022-11-01,0,229
229,5400,,1,0,0,89.0,,2020-11-01,1,230
230,29900,,1,20,0,249.0,416.0,2021-09-01,148,231
231,19490,,1,0,0,18.0,,2022-11-01,0,232
232,72080,,1,0,0,2.0,,2022-10-01,0,233
233,12900,,1,0,0,,,2022-11-01,0,234
234,7900,3500,1,0,0,1884.0,,2020-06-01,15,235
235,5520,,1,0,0,1.0,,2021-02-01,1,236
236,3900,,1,0,0,1.0,,2021-08-01,0,237
237,11900,,1,0,0,1.0,,2020-12-01,0,238
238,35000,,1,0,0,,,2022-12-01,0,239
239,14900,,1,0,0,3.0,,2022-11-01,0,240
240,6600,,1,0,0,,,2021-06-01,0,241
241,9800,3000,1,34,0,56.0,23.0,2020-08-01,8,242
242,31640,,1,0,0,,,2022-01-01,0,243
243,11070,,1,0,0,,,2022-07-01,0,244
244,12890,,1,0,0,,,2021-08-01,2,245
245,16000,,1,0,0,,,2020-05-01,0,246
246,24760,,1,0,0,,,2022-01-01,1,247
247,28200,,1,0,0,,,2022-01-01,0,248
248,22900,,1,0,0,,,2022-04-01,0,249
249,30010,,1,0,0,,,2022-01-01,0,250
250,14270,,1,0,0,,,2017-05-01,0,251
251,26910,,1,0,0,,,2022-01-01,0,252
252,64320,,1,0,0,,,2022-01-01,0,253
253,14200,,1,0,0,,,2020-12-01,0,254
254,9390,,1,0,0,,,2021-07-01,0,255
255,10300,,1,0,0,,,2021-08-01,0,256
256,30250,,1,0,0,4.0,,2022-11-01,0,257
257,22000,3500,1,20,0,141.0,8.0,2022-09-01,18,258
258,16500,3500,1,20,0,269.0,127.0,2020-11-01,35,259
259,22000,3000,1,0,0,9.0,23.0,2022-06-01,13,260
260,6900,3500,1,14,0,161.0,48.0,2021-06-01,17,261
261,14900,,1,0,0,,,2022-10-01,0,262
262,10900,3000,1,34,0,99.0,35.0,2019-10-01,7,263
263,9460,,1,0,0,2.0,,2021-09-01,1,264
264,39900,4000,1,28,0,16.0,,2022-10-01,28,265
265,33900,4000,1,29,0,5.0,13.0,2022-12-01,5,266
266,7200,3000,1,29,1,8.0,12.0,2022-11-01,3,267
267,13760,,1,0,0,,,2021-09-01,0,268
268,13900,,1,0,0,2.0,,2022-10-01,1,269
269,22190,,1,0,0,,,2022-08-01,0,270
270,60460,,1,0,0,,,2021-10-01,0,271
271,41060,,1,0,0,,,2022-12-01,0,272
272,18000,5000,1,20,0,10.0,,2021-11-01,98,273
273,30300,,1,0,0,4.0,,2022-02-01,2,274
274,40000,,1,0,0,510.0,,2022-07-01,8,275
275,5700,,1,0,0,,,2022-10-01,1,276
276,10900,4000,1,14,0,3.0,11.0,2022-05-01,5,277
277,14900,,1,21,0,17.0,18.0,2022-05-01,30,278
278,62780,,1,0,0,,,2022-02-01,0,279
279,23470,,1,0,0,,,2022-02-01,0,280
280,24800,,1,0,0,,,2021-10-01,2,281
281,16200,,1,0,0,,,2022-05-01,0,282
282,26000,3500,1,20,0,269.0,42.0,2020-04-01,15,283
283,95700,,1,0,0,,,2022-12-01,0,284
284,14000,,1,0,0,25.0,,2022-03-01,1,285
285,7980,3000,1,0,0,158.0,67.0,2021-05-01,34,286
286,36500,,1,0,0,,,2022-10-01,0,287
287,20900,4000,1,0,0,163.0,36.0,2022-02-01,13,288
288,17450,,1,0,0,1.0,,2021-06-01,0,289
289,11000,,1,0,0,6.0,,2021-10-01,1,290
290,12900,3000,1,32,1,92.0,163.0,2022-10-01,89,291
291,48500,,1,27,0,,4.0,2022-09-01,3,292
292,11800,3000,1,34,0,44.0,13.0,2020-08-01,10,293
293,7500,2500,1,20,0,212.0,165.0,2021-11-01,98,294
294,12700,4000,1,14,0,33.0,43.0,2021-03-01,13,295
295,19900,3000,1,19,0,,,2022-12-01,4,296
296,15900,4000,1,0,1,431.0,,2022-01-01,1,297
297,39900,3000,1,20,0,39.0,30.0,2021-07-01,26,298
298,11890,3000,1,0,1,8208.0,,2022-12-01,1,299
299,6900,,1,0,0,2.0,,2022-12-01,0,300
300,7000,2500,1,0,0,9.0,,2019-01-01,1,301
301,46400,,1,0,0,,,2021-12-01,0,302
302,43000,,1,28,0,8.0,,2022-07-01,23,303
303,18000,,1,0,0,4.0,,2021-01-01,0,304
304,42590,,1,0,0,,,2022-01-01,0,305
305,12900,,1,0,0,,,2022-11-01,0,306
306,9000,,1,0,0,12.0,,2022-05-01,0,307
307,13890,,1,0,0,3.0,,2021-08-01,0,308
308,20500,3000,1,20,0,7.0,1.0,2020-06-01,4,309
309,51000,3000,1,28,0,107.0,,2021-03-01,32,310
310,23900,,1,0,0,,,2022-10-01,0,311
311,16900,,1,0,0,,,2022-12-01,0,312
312,20800,3500,1,20,0,276.0,23.0,2019-04-01,13,313
313,49200,,1,0,0,,,2022-04-01,0,314
314,27990,,1,0,0,,,2022-05-01,0,315
315,9900,3000,1,24,0,31.0,,2022-04-01,16,316
316,8900,,1,0,0,,,2022-11-01,0,317
317,6900,,1,0,0,,,2022-10-01,0,318
318,21200,,1,0,0,52.0,,2022-10-01,0,319
319,12900,3150,1,0,0,4.0,,2022-04-01,20,320
320,7900,3500,1,28,0,,12.0,2022-12-01,2,321
321,11180,,1,0,0,,,2021-09-01,0,322
322,12900,3000,1,20,0,4.0,2.0,2015-08-01,2,323
323,7900,3500,1,0,0,97.0,47.0,2021-12-01,22,324
324,8900,3000,1,14,0,14.0,32.0,2022-11-01,71,325
325,8900,3500,1,20,0,95.0,49.0,2020-11-01,13,326
326,9900,3000,1,20,0,263.0,18.0,2019-03-01,9,327
327,12700,,1,0,0,1.0,,2020-12-01,0,328
328,44900,3000,1,19,0,,,2022-12-01,11,329
329,23400,,1,0,0,,,2022-11-01,0,330
330,15000,,1,0,0,12.0,,2022-06-01,0,331
331,20000,3000,1,20,0,,,2020-10-01,0,332
332,16500,,1,0,0,,,2020-12-01,2,333
333,9500,,1,0,0,24.0,,2020-11-01,0,334
334,15400,,1,0,0,,,2022-12-01,0,335
335,47500,,1,0,0,,,2022-12-01,0,336
336,16000,4000,1,29,0,2.0,4.0,2022-10-01,3,337
337,49900,,1,0,0,,,2021-02-01,0,338
338,31600,,1,0,0,5.0,,2022-12-01,0,339
339,15210,,1,0,0,,,2022-12-01,0,340
340,39800,3000,1,27,0,15.0,,2022-08-01,41,341
341,8900,3000,1,0,0,131.0,93.0,2022-10-01,52,342
342,14900,,1,0,0,2.0,,2019-11-01,0,343
343,23900,4000,1,28,0,2.0,2.0,2022-12-01,3,344
344,26480,,1,0,0,,,2022-01-01,0,345
345,10000,5000,1,0,0,67.0,,2022-05-01,98,346
346,17280,,1,0,0,,,2022-12-01,0,347
347,1000,,1,0,0,,,2022-12-01,0,348
348,20360,,1,0,0,,,2022-10-01,0,349
349,19900,4000,1,20,0,201.0,,2020-09-01,14,350
350,8500,3500,1,29,0,7.0,32.0,2022-11-01,9,351
351,9000,,1,0,0,15.0,,2022-11-01,0,352
352,39090,,1,0,0,,,2022-01-01,0,353
353,11990,,1,0,0,,,2020-11-01,0,354
354,25000,,1,0,0,,,2022-12-01,0,355
355,9900,,1,0,0,1.0,,2022-06-01,2,356
356,18500,,1,0,0,,,2022-12-01,0,357
357,24500,3000,1,20,0,86.0,,2021-03-01,30,358
358,6590,,1,0,0,,,2022-12-01,0,359
359,27500,,1,0,0,,,2022-12-01,0,360
360,19090,,1,0,0,,,2020-04-01,0,361
361,11900,3500,1,20,0,,,2021-11-01,1,362
362,11500,3000,1,20,0,,,2021-10-01,2,363
363,9900,3500,1,20,0,1.0,1.0,2022-03-01,2,364
364,15000,5000,1,28,0,85.0,157.0,2021-04-01,24,365
365,9900,3000,1,20,0,21.0,4.0,2017-08-01,2,366
366,19900,4000,1,21,0,20.0,,2021-02-01,12,367
367,14000,,1,0,0,1.0,,2022-08-01,1,368
368,12900,,1,28,1,70.0,,2022-07-01,72,369
369,14200,,1,0,0,,,2021-08-01,0,370
370,7900,3000,1,0,1,5.0,,2022-12-01,10,371
371,14900,,1,0,0,1.0,,2022-01-01,0,372
372,5700,,1,0,0,,,2022-01-01,5,373
373,83000,3500,1,19,0,18.0,,2022-12-01,15,374
374,8810,,1,0,0,2.0,,2021-10-01,0,375
375,15800,2500,1,0,1,239.0,,2016-11-01,0,376
376,15000,5000,1,20,0,74.0,74.0,2021-10-01,27,377
377,56610,,1,0,0,,,2022-12-01,0,378
378,8800,3000,1,42,1,11.0,35.0,2022-06-01,42,379
379,24900,3500,1,28,0,17.0,,2022-02-01,12,380
380,21400,3500,1,0,0,1.0,,2022-01-01,1,381
381,13000,3000,1,28,0,113.0,100.0,2022-05-01,126,382
382,22900,3000,1,0,0,29.0,10.0,2020-01-01,3,383
383,166400,,1,29,0,8.0,,2022-05-01,2,384
384,16000,,1,0,0,,,2022-12-01,0,385
385,6500,3500,1,0,0,293.0,,2022-12-01,0,386
386,19900,3500,1,0,0,15.0,1.0,2022-09-01,6,387
387,16900,3000,1,43,0,5.0,,2022-11-01,7,388
388,23000,3500,1,28,1,6.0,4.0,2022-04-01,3,389
389,34700,,1,0,0,,,2022-11-01,0,390
390,8900,3500,1,0,0,224.0,68.0,2021-09-01,21,391
391,16800,3000,1,42,1,3.0,10.0,2022-07-01,8,392
392,1000,3000,1,0,1,82.0,,2019-05-01,0,393
393,39200,3000,1,0,0,80.0,12.0,2021-08-01,8,394
394,25900,4000,1,28,0,35.0,,2022-10-01,57,395
395,25350,3000,1,33,0,384.0,116.0,2019-03-01,28,396
396,4900,4000,1,28,0,2.0,7.0,2022-06-01,5,397
397,4700,3500,1,0,0,18.0,,2018-10-01,5,398
398,23800,3500,1,0,0,958.0,,2022-09-01,0,399
399,5800,3500,1,20,0,55.0,19.0,2016-10-01,3,400
400,17800,3500,1,28,0,,,2022-11-01,1,401
401,7600,5500,1,0,0,11.0,,2020-12-01,4,402
402,14900,3000,1,20,0,19.0,4.0,2017-08-01,2,403
403,29480,,1,0,0,,,2022-11-01,0,404
404,14900,,1,0,0,,,2022-04-01,1,405
405,18900,,1,28,0,42.0,60.0,2022-05-01,83,406
406,22500,4000,1,28,0,13.0,,2022-09-01,6,407
407,10000,5000,1,20,0,,,2022-10-01,7,408
408,11900,3000,1,42,0,1.0,,2022-08-01,86,409
409,20000,,1,42,0,51.0,94.0,2022-05-01,11,410
410,14900,3000,1,0,0,84.0,,2018-11-01,0,411
411,192940,,1,0,1,1.0,,2021-09-01,2,412
412,8900,4300,1,0,0,11.0,16.0,2022-10-01,7,413
413,20070,,1,0,0,,,2022-05-01,0,414
414,81840,6000,1,33,0,1.0,,2021-05-01,11,415
415,26580,,1,0,0,,,2022-12-01,0,416
416,11900,3500,1,0,0,70.0,,2019-10-01,0,417
417,23570,,1,0,1,6.0,,2020-10-01,0,418
418,25900,3000,1,0,1,63.0,,2021-04-01,1,419
419,10000,3000,1,0,0,104.0,,2019-02-01,0,420
420,65590,,1,0,0,,,2022-10-01,0,421
421,16260,,1,0,0,,,2022-12-01,0,422
422,17500,,1,0,0,,,2022-12-01,0,423
423,11000,,1,0,0,9.0,,2021-09-01,6,424
424,6900,3000,1,34,0,,7.0,2022-11-01,2,425
425,87000,,1,0,0,2.0,12.0,2022-10-01,8,426
426,317290,4000,1,28,0,,,2022-11-01,0,427
427,19900,,1,0,0,4.0,16.0,2022-08-01,5,428
428,44900,,1,20,1,58.0,37.0,2021-01-01,12,429
429,6900,3500,1,0,0,7.0,,2022-01-01,8,430
430,36000,,1,0,0,1.0,,2022-08-01,1,431
431,48000,,1,27,0,2.0,,2022-11-01,1,432
432,15900,3000,1,0,0,213.0,,2022-01-01,3,433
433,17900,4000,1,30,0,,,2022-11-01,0,434
434,31500,,1,0,0,1.0,,2022-10-01,1,435
435,14200,2500,1,0,0,1.0,,2019-07-01,0,436
436,12700,2500,1,0,0,,,2019-07-01,0,437
437,17900,3000,1,33,0,151.0,105.0,2020-08-01,59,438
438,14000,3000,1,20,0,27.0,,2021-03-01,6,439
439,9900,3000,1,0,0,278.0,11.0,2020-08-01,9,440
440,17340,4500,1,42,0,,,2022-11-01,0,441
441,35900,3500,1,28,0,,1.0,2022-12-01,1,442
442,10900,3500,1,0,0,53.0,,2020-09-01,0,443
443,17400,,1,28,0,,,2022-11-01,2,444
444,3900,3500,1,0,1,4.0,,2021-06-01,0,445
445,28900,4000,1,0,0,36.0,58.0,2022-10-01,61,446
446,8000,,1,20,0,21.0,23.0,2021-03-01,8,447
447,44990,,1,0,0,,,2022-12-01,0,448
448,10900,4000,1,20,0,1.0,4.0,2022-02-01,6,449
449,4900,3500,1,0,0,36.0,45.0,2021-10-01,18,450
450,5700,,1,0,0,8.0,,2019-11-01,2,451
451,47100,4000,1,20,0,15.0,,2021-02-01,0,452
452,51900,,1,29,0,,3.0,2022-10-01,1,453
453,18000,4000,1,28,0,,,2022-08-01,0,454
454,28400,3000,1,28,0,3.0,9.0,2022-04-01,11,455
455,12900,,1,0,1,,,2019-02-01,0,456
456,9900,3500,1,0,0,2219.0,,2021-01-01,38,457
457,69900,4000,1,9,0,18.0,1.0,2021-04-01,10,458
458,17900,4200,1,0,1,32.0,,2022-01-01,0,459
459,27500,3000,1,29,0,,,2022-10-01,0,460
460,52000,,1,27,0,,,2022-11-01,11,461
461,15900,,1,29,0,1.0,3.0,2022-12-01,1,462
462,53000,3500,1,19,0,8.0,,2022-03-01,11,463
463,205900,5000,1,20,0,3.0,,2020-08-01,0,464
464,9900,3000,1,0,1,19.0,,2022-12-01,0,465
465,47000,,1,29,1,2.0,,2022-12-01,16,466
466,10900,3000,1,20,0,22.0,3.0,2022-11-01,2,467
467,62900,3000,1,29,0,,,2022-11-01,0,468
468,17340,3500,1,30,0,,,2022-09-01,0,469
469,11900,,1,0,0,29.0,,2021-01-01,0,470
470,37800,,1,28,1,,,2022-08-01,2,471
471,14000,3000,1,20,0,12.0,,2021-03-01,4,472
472,25000,3500,1,20,0,12.0,,2021-12-01,3,473
473,6300,4000,1,29,0,1.0,,2022-06-01,1,474
474,129000,3000,1,21,0,3.0,2.0,2021-05-01,3,475
475,11200,3000,1,28,0,,,2022-10-01,1,476
476,43000,4000,1,27,0,,,2022-10-01,2,477
477,29900,,1,0,1,20.0,,2020-10-01,0,478
478,6690,3500,1,28,0,69.0,32.0,2022-04-01,24,479
479,49900,,1,27,0,,,2022-11-01,10,480
480,11000,3900,1,14,0,182.0,21.0,2020-03-01,7,481
481,35000,,1,28,0,,,2022-06-01,2,482
482,19800,3500,1,42,0,26.0,,2022-07-01,34,483
483,16500,3500,1,0,0,28.0,,2021-04-01,0,484
484,29900,,1,0,1,17.0,,2020-10-01,0,485
485,14900,4000,1,29,0,,,2022-11-01,1,486
486,26900,3500,1,0,0,15.0,,2022-03-01,0,487
487,12900,4000,1,46,0,,,2022-12-01,0,488
488,14900,4000,1,28,0,,,2022-12-01,1,489
489,12900,4000,1,28,0,,,2022-12-01,2,490
490,73000,,1,21,0,,1.0,2021-10-01,6,491
491,6900,4000,1,29,0,1.0,,2022-11-01,0,492
492,54600,,1,28,0,,,2022-07-01,0,493
493,18900,3000,1,46,1,,,2022-12-01,2,494
494,34800,,1,42,0,,,2022-10-01,0,495
495,14900,3500,1,28,0,11.0,,2022-05-01,14,496
496,13900,3000,1,0,0,21.0,,2022-01-01,0,497
497,11000,3000,1,20,0,9.0,,2021-04-01,2,498
498,6900,4000,1,29,0,,,2022-11-01,0,499
499,10900,3000,1,28,0,,,2022-12-01,2,500
500,28300,,1,0,0,,,2022-12-01,0,501
501,6510,,1,0,0,,,2022-11-01,0,502
502,17340,3000,1,30,0,,,2022-11-01,0,503
503,6900,4000,1,29,0,,,2022-11-01,0,504
504,10800,4000,1,28,0,,,2022-11-01,0,505
505,6500,4000,1,29,0,,,2022-11-01,0,506
506,9600,3000,1,0,0,13.0,,2021-12-01,0,507
507,9150,3500,1,28,0,,,2022-07-01,0,508
508,46500,3500,1,0,0,26.0,,2022-01-01,0,509
509,14100,3000,1,28,0,,,2022-11-01,0,510
510,6900,3500,1,28,0,,,2022-11-01,2,511
511,12900,4000,1,28,0,,,2022-10-01,0,512
512,31900,3500,1,0,0,70.0,20.0,2021-03-01,14,513
513,17900,3500,1,28,1,20.0,28.0,2022-11-01,414,514
514,8160,3500,1,28,0,1.0,9.0,2022-02-01,5,515
515,8900,3000,1,28,0,,,2022-07-01,0,516
516,9100,3500,1,28,0,,,2022-07-01,1,517
517,13800,3500,1,28,0,,,2022-09-01,0,518
518,13900,,1,28,0,,,2022-09-01,0,519
519,8900,3000,1,28,0,,,2022-08-01,1,520
520,18000,3000,1,0,0,18.0,,2017-06-01,0,521
521,50000,,1,28,0,,,2022-07-01,0,522
522,36600,3500,1,28,0,,,2022-07-01,0,523
523,27300,3500,1,28,0,,,2022-07-01,0,524
524,20000,3500,1,28,0,,,2022-07-01,0,525
525,18300,3500,1,28,0,,,2022-07-01,0,526
526,30000,3500,1,28,0,,,2022-07-01,0,527
527,40000,3500,1,28,0,,,2022-07-01,0,528
528,60000,,1,28,0,,,2022-07-01,0,529
529,18200,3500,1,28,0,,,2022-07-01,0,530
530,54900,,1,28,0,,,2022-07-01,0,531
531,27450,3500,1,28,0,,,2022-07-01,0,532
532,45750,3500,1,28,0,,,2022-07-01,0,533
533,10000,3500,1,28,0,,,2022-07-01,0,534
534,36400,3500,1,28,0,,,2022-07-01,0,535
535,45500,3500,1,28,0,,,2022-07-01,0,536
536,10900,3000,1,28,0,,,2022-04-01,0,537
537,22000,,1,28,0,,,2022-04-01,2,538
538,12000,3000,1,28,0,,,2022-05-01,0,539
539,90000,,1,0,0,205.0,14.0,2022-08-01,14,540
540,13900,4000,1,8,0,,,2022-12-01,0,541
541,32900,4000,1,42,0,1.0,,2022-06-01,11,542
542,14900,4000,1,28,0,,,2022-11-01,0,543
543,5840,3500,1,0,0,9.0,,2019-07-01,0,544
544,40000,,1,0,0,6.0,8.0,2022-08-01,6,545
545,35800,,1,42,0,,,2022-10-01,0,546
546,46800,,1,42,0,,,2022-10-01,0,547
547,19900,3000,1,0,0,,,2021-06-01,5,548
548,203940,,1,0,1,2.0,,2021-09-01,2,549
549,18000,3500,1,29,0,,,2022-09-01,0,550
550,25700,3000,1,29,0,,,2022-08-01,0,551
551,42800,3000,1,42,1,,,2022-12-01,0,552
552,2470,3000,1,0,1,8.0,,2020-03-01,1,553
553,7900,3000,1,20,0,8.0,11.0,2022-03-01,3,554
554,27350,3500,1,0,0,8.0,,2021-09-01,10,555
555,11200,3000,1,0,0,285.0,,2020-03-01,5,556
556,24500,3500,1,20,0,,,2022-03-01,0,557
557,19900,3000,1,20,0,,,2021-04-01,1,558
558,5900,4300,1,0,1,125.0,,2021-03-01,0,559
559,5605,4300,1,0,1,125.0,,2021-03-01,1,560
560,89900,,1,29,0,,,2022-04-01,0,561
561,220000,,1,0,0,2.0,,2021-09-01,2,562
562,48080,,1,0,0,,,2022-12-01,0,563
563,4500,4000,1,20,0,,,2022-11-01,0,564
564,6900,3500,1,0,0,5.0,,2022-02-01,7,565
565,200,3000,1,0,1,7.0,,2021-07-01,0,566
566,11700,4000,1,0,0,7.0,1.0,2021-03-01,0,567
567,6030,3000,1,20,0,,2.0,2021-11-01,3,568
568,5900,4300,1,0,1,125.0,,2021-03-01,0,569
569,31500,3000,1,21,0,291.0,3.0,2022-08-01,11,570
570,11900,,1,0,0,9.0,,2022-12-01,0,571
571,9300,,1,20,0,,,2022-11-01,0,572
572,32900,3000,1,0,0,88.0,,2021-01-01,1,573
573,29900,,1,28,0,2.0,1.0,2022-12-01,5,574
574,33900,3000,1,28,0,,,2022-10-01,0,575
575,14900,4000,1,29,0,,,2022-11-01,1,576
576,35800,3000,1,28,0,,,2022-08-01,1,577
577,11000,3500,1,0,0,5.0,2.0,2020-06-01,1,578
578,160000,,1,0,0,,,2021-05-01,1,579
579,21150,3500,1,20,0,,,2022-07-01,0,580
580,15000,4000,1,28,0,,1.0,2022-05-01,2,581
581,21390,,1,0,0,,,2022-12-01,0,582
582,11000,4000,1,29,0,,,2022-11-01,2,583
583,20000,3000,1,0,0,3.0,,2021-05-01,0,584
584,15900,3000,1,11,0,,,2022-11-01,3,585
585,12240,,1,0,0,,,2022-12-01,0,586
586,15500,,1,24,0,,,2022-01-01,0,587
587,10500,3000,1,20,0,,,2021-11-01,0,588
588,12000,3000,1,11,0,,,2021-08-01,0,589
589,28100,3500,1,20,1,,,2022-10-01,0,590
590,9500,3000,1,0,0,4.0,3.0,2020-07-01,3,591
591,19800,3500,1,0,0,24.0,,2022-03-01,6,592
592,12000,,1,46,0,,,2022-10-01,0,593
593,200,3000,1,0,1,4.0,,2021-07-01,0,594
594,10900,,1,0,0,4.0,1.0,2016-11-01,1,595
595,7900,3000,1,20,0,10.0,,2022-01-01,2,596
596,29800,,1,0,0,2.0,,2022-11-01,0,597
597,53000,,1,0,0,,,2022-12-01,0,598
598,7920,3000,1,0,1,3.0,,2021-08-01,1,599
599,24000,3000,1,29,0,,,2021-08-01,0,600
600,24000,,1,42,0,,,2022-10-01,0,601
601,7900,4000,1,20,0,1.0,,2021-10-01,0,602
602,35900,,1,28,0,,,2022-11-01,1,603
603,13800,3500,1,28,0,,,2022-09-01,0,604
604,8455,4300,1,0,1,7.0,,2021-03-01,1,605
605,210600,,1,0,1,,,2022-12-01,0,606
606,5900,3500,1,0,1,,,2022-12-01,0,607
607,31170,4000,1,0,0,,,2022-12-01,0,608
608,14900,,1,0,1,,,2022-12-01,0,609
609,11360,,1,0,1,,,2022-12-01,0,610
610,4500,2500,1,0,0,,,2022-12-01,0,611
611,8900,3500,1,0,1,3.0,,2022-04-01,1,612
612,14300,,1,0,0,,,2022-10-01,0,613
613,18000,3500,1,0,0,,,2022-03-01,1,614
614,11000,3000,1,0,1,,,2021-09-01,0,615
615,10900,3500,1,0,0,,,2022-12-01,0,616
616,7560,3000,1,0,1,,,2022-11-01,0,617
617,23950,3000,1,20,0,,,2022-03-01,0,618
618,9500,4000,1,20,0,,,2022-01-01,3,619
619,13800,3500,1,24,0,,,2021-09-01,0,620
620,59000,4000,1,20,0,,,2021-10-01,0,621
621,6200,4000,1,20,0,,,2022-02-01,2,622
622,10700,4000,1,20,0,,,2022-01-01,2,623
623,7000,4000,1,20,0,,,2021-04-01,2,624
624,15900,4000,1,20,0,,1.0,2022-04-01,0,625
625,9900,3500,1,20,0,,,2022-03-01,0,626
626,6500,4000,1,20,0,,,2022-02-01,3,627
627,10900,3000,1,28,0,,,2022-04-01,0,628
628,25700,3300,1,20,0,,,2022-01-01,0,629
629,9600,3000,1,20,0,,,2020-08-01,0,630
630,6200,4000,1,20,0,,,2022-02-01,2,631
631,15100,2500,1,0,0,,,2022-12-01,0,632
632,22900,3000,1,0,0,5.0,,2021-05-01,8,633
633,9000,3000,1,0,1,1.0,,2021-09-01,3,634
634,79900,,1,0,1,1.0,,2022-04-01,1,635
635,15200,4000,1,28,0,,,2022-11-01,0,636
636,23800,3000,1,0,0,,,2022-11-01,1,637
637,47000,4000,1,0,0,,,2022-10-01,0,638
638,18300,3000,1,0,0,4.0,,2019-05-01,2,639
639,9500,4200,1,9,0,2.0,,2022-07-01,7,640
640,24000,3000,1,0,0,2.0,,2021-08-01,10,641
641,39520,3500,1,0,1,2.0,,2022-04-01,2,642
642,7500,,1,0,1,2.0,,2019-05-01,1,643
643,9800,3500,1,0,0,2.0,,2022-03-01,5,644
644,8900,3000,1,20,0,201.0,11.0,2021-11-01,51,645
645,10000,,1,0,0,,,2022-06-01,4,646
646,16500,3500,1,0,1,,,2022-02-01,0,647
647,9000,3500,1,29,0,,,2022-10-01,4,648
648,31660,,1,0,0,,,2022-07-01,0,649
649,26200,,1,0,0,2.0,,2021-08-01,1,650
650,3500,3500,1,0,1,7.0,,2020-04-01,0,651
651,6500,4000,1,29,0,1.0,2.0,2022-08-01,1,652
652,14700,3000,1,0,0,1.0,,2022-04-01,0,653
653,240000,,1,0,0,1.0,,2021-09-01,0,654
654,60000,,1,0,0,1.0,,2022-06-01,2,655
655,7900,4000,1,28,0,,,2022-08-01,0,656
656,19900,3000,1,14,0,96.0,85.0,2021-08-01,60,657
657,9800,3000,1,29,0,1.0,,2022-07-01,4,658
658,18900,3500,1,0,0,1.0,1.0,2022-08-01,1,659
659,14900,,1,0,0,,,2022-12-01,0,660
660,42600,,1,0,0,,,2022-12-01,0,661
661,11900,3000,1,0,0,,,2022-03-01,0,662
662,6900,4000,1,0,0,2.0,,2020-12-01,0,663
663,17340,4500,1,0,0,,,2022-09-01,0,664
664,7900,4000,1,0,0,,,2022-09-01,0,665
665,10900,3000,1,0,0,1.0,,2022-07-01,2,666
666,6500,4000,1,29,0,,,2022-08-01,1,667
667,29500,4000,1,0,0,1.0,,2022-02-01,1,668
668,13000,3000,1,0,1,1.0,,2021-09-01,0,669
669,67200,3000,1,0,0,1.0,,2022-01-01,0,670
670,16000,3000,1,0,1,1.0,,2020-02-01,0,671
671,6700,4000,1,0,0,1.0,,2020-10-01,0,672
672,8900,3500,1,0,0,1.0,,2022-03-01,0,673
673,10900,3500,1,0,1,,,2022-04-01,0,674
674,32860,3000,1,0,1,,,2022-01-01,0,675
675,8500,3000,1,0,0,,,2022-02-01,0,676
676,6950,4000,1,0,1,,,2022-03-01,0,677
677,8600,4000,1,0,0,695.0,,2019-05-01,1,678
678,6420,3000,1,0,0,,1.0,2021-12-01,0,679
679,22900,,1,0,0,2.0,,2022-03-01,0,680
680,9600,4000,1,0,0,,,2022-08-01,0,681
681,14300,3000,1,0,0,,,2022-08-01,0,682
682,8720,3000,1,0,0,,,2021-07-01,0,683
683,7900,4000,1,0,0,,,2022-07-01,0,684
684,26900,,1,0,0,,,2022-07-01,0,685
685,47900,,1,0,0,,,2022-07-01,0,686
686,16900,,1,0,0,,,2022-07-01,0,687
687,36900,,1,0,0,,,2022-07-01,0,688
688,8900,3500,1,43,0,89.0,146.0,2022-06-01,22,689
689,9400,3500,1,0,1,,,2019-08-01,0,690
690,29900,,1,0,0,,,2020-10-01,0,691
691,10130,3500,1,0,1,,,2022-04-01,0,692
692,12600,3000,1,0,1,,,2020-03-01,0,693
693,10430,3500,1,0,1,,,2022-03-01,0,694
694,136820,3000,1,0,0,,,2021-12-01,0,695
695,11200,,1,0,1,,,2022-02-01,0,696
696,34800,3500,1,0,0,,,2021-07-01,0,697
697,11900,3500,1,0,1,,,2019-08-01,0,698
698,18900,3300,1,0,0,,,2022-04-01,2,699
699,10900,3500,1,0,1,,,2022-04-01,0,700
700,10900,3500,1,0,1,,,2022-03-01,0,701
701,10800,3000,1,0,0,,,2022-02-01,0,702
702,12900,3500,1,0,1,,,2022-03-01,0,703
703,14900,,1,0,1,,,2022-02-01,0,704
704,9000,3000,1,20,0,,,2021-10-01,0,705
705,29990,3000,1,0,0,,,2021-11-01,0,706
706,14900,4000,1,9,0,,,2022-05-01,0,707
707,14200,2500,1,0,1,,,2021-03-01,0,708
708,13900,3500,1,0,0,,,2021-01-01,2,709
709,13900,3000,1,0,1,,,2022-02-01,0,710
710,11990,3000,1,0,1,,,2022-02-01,0,711
711,9600,3500,1,0,1,,,2022-03-01,0,712
712,12580,3000,1,0,1,,,2021-04-01,0,713
713,9700,3000,1,0,0,,,2022-02-01,0,714
714,31320,,1,0,1,,,2022-01-01,0,715
715,10470,4000,1,0,0,,,2022-06-01,0,716
716,14000,3000,1,0,1,,,2021-06-01,0,717
717,18300,4000,1,0,0,,,2021-04-01,0,718
718,12000,3500,1,0,1,,,2022-03-01,0,719
719,5200,3000,1,0,0,,,2022-02-01,0,720
720,9500,3500,1,0,1,,,2022-01-01,0,721
721,10800,3000,1,0,0,,,2022-02-01,0,722
722,10900,3500,1,0,1,,,2022-04-01,0,723
723,12900,3500,1,0,1,,,2022-03-01,0,724
724,7300,4000,1,0,1,,,2021-10-01,1,725
725,10470,4000,1,0,0,,,2022-06-01,0,726
726,12000,3500,1,0,1,,,2022-03-01,0,727
727,8200,4220,1,0,0,,,2021-10-01,0,728
728,19800,3000,1,0,1,,,2020-05-01,1,729
729,14900,,1,0,1,,,2021-10-01,0,730
730,10140,3500,1,0,1,,,2022-04-01,0,731
731,13000,3000,1,0,0,,,2021-08-01,0,732
732,7900,3000,1,0,1,,,2022-03-01,0,733
733,8200,4220,1,0,0,,,2021-10-01,0,734
734,18800,3000,1,9,1,,,2021-06-01,0,735
735,12900,3500,1,0,1,,,2022-03-01,0,736
736,19900,4000,1,0,0,,,2022-04-01,2,737
737,14170,3500,1,0,0,,,2021-06-01,0,738
738,10900,3500,1,0,1,,,2022-03-01,0,739
739,11900,3900,1,0,0,2.0,,2021-12-01,0,740
740,12000,3200,1,0,0,2.0,,2022-04-01,0,741
741,29900,3000,1,0,0,9.0,2.0,2021-10-01,1,742
742,42500,3500,1,20,0,13.0,,2022-10-01,5,743
743,11310,,1,0,1,10.0,,2022-11-01,0,744
744,9900,3000,1,0,0,11.0,,2020-07-01,0,745
745,37230,,1,0,1,2.0,,2022-11-01,0,746
746,6810,,1,0,0,3.0,,2020-11-01,0,747
747,27800,4500,1,0,0,,,2022-12-01,0,748
748,8900,3500,1,0,1,,,2022-04-01,0,749
749,26800,3000,1,0,0,,,2020-03-01,0,750
750,17000,,1,0,0,,,2022-02-01,0,751
751,18010,,1,0,0,,,2019-05-01,0,752
752,2400,3000,1,0,0,7.0,,2019-04-01,0,753
753,12800,3000,1,0,1,1.0,,2019-04-01,0,754
754,59000,,1,29,0,1.0,1.0,2022-10-01,0,755
755,32330,,1,0,0,,,2022-01-01,0,756
756,26500,,1,28,0,,1.0,2022-04-01,0,757
757,12000,4400,1,20,0,2.0,,2022-06-01,12,758
758,9500,4000,1,28,0,,,2022-12-01,0,759
759,5900,3500,1,34,0,6.0,,2021-04-01,1,760
760,26600,,1,0,0,,,2022-12-01,0,761
761,12900,3000,1,0,0,6.0,,2019-03-01,0,762
762,9500,4000,1,28,0,,,2022-08-01,1,763
763,15900,3000,1,20,0,,,2019-02-01,1,764
764,52430,3000,1,0,0,,,2022-11-01,0,765
765,17340,3000,1,28,0,,,2022-10-01,0,766
766,26900,3000,1,0,1,,,2021-11-01,1,767
767,5900,4000,1,0,1,,,2021-09-01,0,768
768,9460,3000,1,0,1,,,2022-04-01,0,769
769,47000,,1,0,0,,,2022-12-01,2,770
770,16800,3000,1,28,0,34.0,54.0,2022-06-01,14,771
771,13900,4500,1,20,0,1.0,,2021-12-01,0,772
772,34800,,1,0,0,,,2022-12-01,0,773
773,17350,3500,1,42,0,,,2022-09-01,5,774
774,13900,3000,1,30,1,66.0,,2022-10-01,0,775
775,17900,3500,1,28,0,,,2022-09-01,0,776
776,29900,,1,28,0,1.0,,2022-04-01,3,777
777,12000,3500,1,20,0,1.0,,2021-12-01,3,778
778,14500,,1,0,0,,,2022-12-01,0,779
779,8900,3000,1,20,0,22.0,17.0,2021-08-01,10,780
780,292520,,1,0,1,,,2022-12-01,0,781
781,27350,,1,0,1,,,2022-12-01,0,782
782,10000,3000,1,0,0,3.0,,2017-06-01,1,783
783,24080,,1,0,1,3.0,,2020-10-01,0,784
784,74800,,1,0,0,,,2022-12-01,0,785
785,34600,,1,0,0,,,2022-12-01,0,786
786,12900,4000,1,28,0,,,2022-11-01,1,787
787,4900,3500,1,20,0,,,2022-01-01,0,788
788,44910,,1,0,0,13.0,2.0,2021-12-01,3,789
789,42900,,1,27,0,,,2022-11-01,0,790
790,12600,4000,1,28,0,,,2022-10-01,2,791
791,16000,3000,1,0,1,,,2021-09-01,0,792
792,5400,4000,1,24,0,22.0,,2022-01-01,23,793
793,8900,,1,0,0,7.0,,2022-11-01,0,794
794,6900,4000,1,14,0,,,2022-11-01,0,795
795,11880,,1,0,0,181.0,,2020-03-01,0,796
796,32500,3500,1,28,0,1.0,1.0,2022-09-01,0,797
797,17900,4500,1,33,0,,,2022-11-01,2,798
798,10900,3500,1,0,0,14.0,,2022-01-01,1,799
799,7900,3000,1,29,0,,,2022-12-01,0,800
800,9400,3500,1,34,0,18.0,,2022-02-01,17,801
801,42500,,1,0,0,,2.0,2022-08-01,4,802
802,218010,,1,0,1,,,2022-01-01,0,803
803,23250,,1,0,1,35.0,,2020-12-01,0,804
804,8900,4000,1,0,0,1.0,4.0,2022-07-01,4,805
805,5300,3000,1,0,0,1.0,,2021-02-01,1,806
806,7740,3000,1,0,1,1.0,,2022-04-01,3,807
807,112000,,1,0,0,,,2019-12-01,0,808
808,6960,3000,1,0,0,2.0,,2019-02-01,0,809
809,14200,4000,1,28,0,,,2022-11-01,0,810
810,22590,2500,1,30,0,,,2022-04-01,3,811
811,13900,3500,1,0,0,,1.0,2021-09-01,3,812
812,14330,3500,1,0,0,,,2021-11-01,0,813
813,14330,3500,1,0,1,,,2022-01-01,0,814
814,8900,3000,1,0,0,,,2021-04-01,0,815
815,43320,,1,0,1,,,2022-01-01,0,816
816,14320,3500,1,0,1,,,2022-01-01,0,817
817,10900,3500,1,0,1,,,2022-04-01,0,818
818,35900,3000,1,20,0,4.0,,2021-04-01,2,819
819,84150,7000,1,0,0,16.0,21.0,2022-12-01,10,820
820,10000,5000,1,0,0,2.0,,2022-09-01,3,821
821,18400,4500,1,43,0,,,2022-12-01,0,822
822,34900,3000,1,28,1,6.0,,2022-10-01,7,823
823,9900,3000,1,0,1,19.0,,2021-02-01,1,824
824,17200,4000,1,28,0,,,2022-11-01,0,825
825,23400,,1,20,0,3.0,,2021-04-01,1,826
826,222240,,1,0,1,1.0,,2021-09-01,2,827
827,25900,,1,0,1,,,2022-03-01,0,828
828,24080,,1,0,0,1.0,,2022-04-01,0,829
829,19400,3000,1,0,0,1.0,,2022-07-01,0,830
830,22900,3000,1,0,1,1.0,,2020-09-01,1,831
831,16850,,1,0,1,1.0,,2021-08-01,0,832
832,42820,,1,0,0,,,2022-01-01,0,833
833,12700,,1,0,0,16.0,,2020-02-01,0,834
834,28900,3000,1,30,0,,,2022-10-01,1,835
835,10800,3000,1,0,0,304.0,,2019-03-01,0,836
836,18700,3000,1,33,0,,,2022-12-01,2,837
837,16000,2500,1,19,0,,,2022-03-01,2,838
838,21800,,1,0,0,,,2022-10-01,0,839
839,54000,,1,0,0,2.0,,2022-09-01,0,840
840,19980,3000,1,0,1,,,2020-05-01,1,841
841,14480,3500,1,0,1,,,2021-12-01,0,842
842,33060,3000,1,20,0,,,2021-06-01,0,843
843,34900,4000,1,28,0,1.0,,2022-07-01,40,844
844,28800,,1,0,1,1.0,,2022-02-01,0,845
845,15040,,1,0,0,,,2022-10-01,0,846
846,14900,4000,1,29,0,,,2022-10-01,1,847
847,8900,4000,1,28,0,,,2022-10-01,3,848
848,6500,4000,1,29,0,1.0,1.0,2022-08-01,2,849
849,26800,,1,0,0,,,2022-12-01,0,850
850,7110,3000,1,0,0,5.0,,2020-04-01,0,851
851,26600,,1,0,0,,,2022-12-01,0,852
852,12670,3000,1,20,0,,,2021-06-01,0,853
853,53060,3000,1,20,0,,,2021-06-01,0,854
854,25700,3500,1,28,0,1.0,,2022-07-01,2,855
855,8900,3500,1,29,0,,2.0,2022-10-01,0,856
856,11000,3500,1,0,0,,,2021-10-01,0,857
857,18800,3500,1,43,0,6.0,,2022-07-01,10,858
858,6900,4000,1,14,0,,,2022-11-01,0,859
859,10900,3500,1,43,0,,,2022-07-01,0,860
860,18500,,1,0,0,,,2022-11-01,2,861
861,15900,3000,1,0,0,2.0,,2020-08-01,0,862
862,11180,3000,1,0,1,,,2022-04-01,0,863
863,14900,4000,1,0,0,,,2022-11-01,4,864
864,32900,3000,1,20,0,10.0,3.0,2020-12-01,5,865
865,12900,4000,1,28,0,,,2022-11-01,0,866
866,33900,3000,1,0,0,,1.0,2022-10-01,2,867
867,12900,3000,1,0,0,,,2022-12-01,0,868
868,60480,4000,1,0,0,3.0,3.0,2021-06-01,1,869
869,26900,3500,1,28,0,,,2022-08-01,0,870
870,58100,,1,0,0,3.0,,2021-03-01,0,871
871,13000,4000,1,29,0,,1.0,2022-10-01,2,872
872,165000,,1,0,0,1.0,12.0,2022-08-01,6,873
873,15900,3990,1,0,1,1.0,,2022-01-01,1,874
874,2000,3500,1,0,1,1.0,,2018-07-01,0,875
875,25900,,1,0,1,1.0,,2021-07-01,0,876
876,15900,3000,1,0,0,1.0,,2022-03-01,2,877
877,27200,4000,1,0,1,1.0,,2022-03-01,0,878
878,22200,3500,1,0,1,34.0,,2019-04-01,0,879
879,25900,,1,0,0,,,2021-10-01,1,880
880,130900,,1,0,0,2.0,,2021-03-01,0,881
881,13500,4000,1,20,0,5.0,15.0,2022-06-01,1,882
882,21000,3000,1,28,0,3.0,17.0,2022-06-01,5,883
883,12900,3500,1,0,0,2.0,,2019-10-01,1,884
884,20240,2500,1,20,0,,,2022-03-01,2,885
885,15130,3000,1,0,0,,,2021-03-01,0,886
886,47100,4000,1,0,0,,,2021-11-01,0,887
887,12000,4000,1,0,0,,,2021-12-01,0,888
888,39100,,1,0,0,,,2022-12-01,0,889
889,11900,,1,9,0,4.0,4.0,2022-02-01,3,890
890,17670,,1,0,1,13.0,,2020-12-01,0,891
891,8900,3500,1,0,0,40.0,19.0,2021-03-01,3,892
892,19900,4000,1,0,0,5.0,,2022-09-01,10,893
893,7900,3500,1,28,0,,,2022-12-01,0,894
894,29500,3000,1,0,0,1.0,,2021-03-01,0,895
895,6900,3000,1,0,0,52.0,23.0,2022-02-01,26,896
896,10620,3000,1,0,0,,,2022-11-01,0,897
897,11000,3000,1,0,0,,,2019-12-01,0,898
898,11420,3000,1,0,0,,,2020-07-01,0,899
899,5800,3500,1,0,0,,,2022-08-01,1,900
900,26780,,1,0,1,,,2022-01-01,0,901
901,12900,3500,1,0,0,27.0,9.0,2022-08-01,16,902
902,11000,3300,1,0,0,7.0,,2020-03-01,0,903
903,3730,,1,0,0,,,2022-10-01,0,904
904,22900,,1,0,0,,,2022-11-01,0,905
905,5230,3000,1,20,0,1.0,,2020-12-01,0,906
906,19110,,1,0,1,,,2022-02-01,0,907
907,29900,,1,0,1,,,2020-10-01,0,908
908,15500,,1,0,1,,,2022-11-01,0,909
909,13500,4000,1,20,0,,,2022-08-01,0,910
910,38600,,1,0,0,,,2022-12-01,0,911
911,29900,3000,1,30,0,1.0,,2022-08-01,2,912
912,19700,,1,0,0,,,2022-12-01,0,913
913,23700,,1,0,0,,,2022-12-01,0,914
914,23700,,1,0,0,,,2022-12-01,0,915
915,19700,,1,0,0,,,2022-12-01,0,916
916,5900,4000,1,29,0,13.0,14.0,2022-10-01,1,917
917,7620,4000,1,29,0,,1.0,2022-06-01,1,918
918,24000,3500,1,34,0,18.0,17.0,2022-11-01,3,919
919,26900,3000,1,28,0,,,2022-09-01,4,920
920,11200,3500,1,8,0,2.0,,2022-05-01,4,921
921,6000,3000,1,0,0,24.0,9.0,2021-03-01,10,922
922,17340,4500,1,28,0,,,2022-11-01,0,923
923,46500,,1,19,0,,,2022-11-01,2,924
924,18900,,1,0,1,,,2022-02-01,0,925
925,25900,,1,0,0,3.0,,2021-09-01,0,926
926,47990,3000,1,0,1,,,2022-01-01,0,927
927,15230,3000,1,0,0,,,2021-03-01,0,928
928,10400,,1,0,1,333.0,,2022-12-01,0,929
929,4900,4000,1,0,0,23.0,,2022-12-01,0,930
930,19900,3000,1,0,0,,,2022-12-01,0,931
931,27000,3000,1,0,0,1.0,,2021-03-01,0,932
932,69900,,1,14,0,46.0,17.0,2022-03-01,12,933
933,14900,,1,0,0,,,2022-08-01,0,934
934,28000,4000,1,30,0,7.0,8.0,2022-06-01,4,935
935,9500,,1,0,1,,,2019-02-01,0,936
936,23760,3000,1,0,1,,,2020-11-01,0,937
937,39110,,1,0,1,,,2022-12-01,0,938
938,7000,4000,1,20,0,,,2021-07-01,0,939
939,20900,3000,1,0,0,17.0,,2021-06-01,2,940
940,9000,3000,1,0,0,1.0,,2020-10-01,0,941
941,7900,3000,1,0,0,78.0,27.0,2020-07-01,10,942
942,8500,3000,1,20,0,16.0,,2020-09-01,5,943
943,17300,5000,1,0,0,,,2022-12-01,0,944
944,117500,,1,0,0,,,2022-12-01,0,945
945,14900,3000,1,29,0,177.0,220.0,2021-09-01,52,946
946,3900,3500,1,0,0,,,2021-12-01,0,947
947,62600,4000,1,28,0,,,2022-11-01,0,948
948,3600,3000,1,0,0,,,2022-07-01,0,949
949,13000,4000,1,29,0,,,2022-10-01,0,950
950,20700,4000,1,20,0,,,2021-11-01,46,951
951,8900,3500,1,29,0,,,2022-10-01,0,952
952,8900,3500,1,29,0,,,2022-10-01,0,953
953,27900,3500,1,20,1,,,2022-10-01,0,954
954,4900,4000,1,29,0,,,2022-06-01,0,955
955,35030,,1,0,0,,,2022-12-01,0,956
956,13400,3500,1,20,0,1.0,,2021-03-01,0,957
957,8900,,1,0,1,3.0,,2022-01-01,0,958
958,14900,3000,1,29,0,10.0,17.0,2022-06-01,6,959
959,34200,,1,0,0,,,2022-12-01,0,960
960,38700,,1,0,0,,,2022-12-01,0,961
961,60200,,1,0,0,1.0,,2022-10-01,0,962
962,32900,3000,1,28,0,1.0,,2022-08-01,0,963
963,6200,4000,1,20,0,,,2022-02-01,2,964
964,22700,,1,0,0,,,2022-12-01,0,965
965,7900,3000,1,0,0,13.0,,2021-10-01,0,966
966,19700,,1,0,0,,,2022-12-01,0,967
967,19700,,1,0,0,,,2022-12-01,0,968
968,15700,,1,0,0,,,2022-12-01,0,969
969,23250,,1,0,1,,,2020-12-01,0,970
970,17670,,1,0,1,,,2020-12-01,0,971
971,18000,3000,1,0,1,2.0,,2021-06-01,0,972
972,26200,,1,0,0,,,2019-05-01,0,973
973,18900,,1,0,0,1.0,,2020-04-01,0,974
974,35900,3500,1,42,0,,,2022-10-01,1,975
975,99000,5000,1,30,0,,1.0,2022-09-01,1,976
976,14310,3000,1,0,1,1.0,,2019-02-01,0,977
977,17900,,1,0,0,1.0,,2019-02-01,0,978
978,18900,,1,0,0,1.0,,2020-04-01,0,979
979,26010,,1,0,0,20.0,,2019-03-01,0,980
980,16280,3500,1,29,0,,,2022-06-01,0,981
981,81700,,1,28,0,,,2022-12-01,0,982
982,10900,5000,1,29,0,,,2022-10-01,1,983
983,13060,,1,0,0,,,2022-10-01,0,984
984,12500,,1,0,1,,,2021-04-01,0,985
985,24900,,1,0,0,,,2019-02-01,0,986
986,10900,,1,0,0,,,2019-02-01,0,987
987,14460,3000,1,0,1,,,2019-02-01,0,988
988,25900,,1,0,0,,,2020-04-01,0,989
989,13860,3000,1,0,1,,,2017-04-01,0,990
990,25900,,1,0,0,,,2020-04-01,0,991
991,11900,,1,0,0,,,2020-04-01,0,992
992,11900,,1,0,0,,,2020-04-01,0,993
993,40600,,1,0,0,,,2022-12-01,0,994
994,6300,3500,1,14,0,40.0,8.0,2021-04-01,3,995
995,5000,3000,1,0,0,20.0,4.0,2021-01-01,5,996
996,31500,3000,1,20,0,1.0,,2020-12-01,1,997
997,3860,,1,0,0,,,2022-12-01,0,998
998,43100,,1,0,0,,,2022-12-01,0,999
999,15900,4000,1,20,0,,,2020-09-01,1,1000
